customer_id,income,loan_amount,loan_duration_months,interest_rate,credit_score
ID1,57450.71,141980.66,36,7.29,748
ID2,47926.04,127739.01,36,3.57,675
ID3,59715.33,101788.91,36,4.54,628
ID4,72845.45,80591.9,48,7.07,760
ID5,46487.7,120946.7,60,5.43,789
ID6,46487.95,111804.56,60,6.81,716
ID7,73688.19,126855.8,24,5.23,614
ID8,61511.52,119055.15,60,5.45,601
ID9,42957.88,131486.58,60,4.29,779
ID10,58138.4,83942.94,36,4.79,716
ID11,43048.73,139521.82,36,6.53,771
ID12,43014.05,105927.99,24,5.67,781
ID13,53629.43,162257.83,12,7.37,617
ID14,21300.8,79324.37,24,7.76,602
ID15,24126.23,152078.91,24,6.21,734
ID16,41565.69,105937.32,48,7.29,770
ID17,34807.53,80457.46,48,5.03,765
ID18,54713.71,85483.42,24,5.57,764
ID19,36379.64,90389.58,24,7.06,785
ID20,28815.44,112724.98,24,5.43,760
ID21,71984.73,115685.06,60,6.44,707
ID22,46613.36,82789.0,48,4.43,786
ID23,51012.92,99269.36,24,6.5,694
ID24,28628.78,164268.11,36,7.81,721
ID25,41834.26,151826.3,36,7.84,610
ID26,51663.84,113089.71,60,7.12,667
ID27,32735.1,101140.1,60,7.23,722
ID28,55635.47,103600.94,12,6.29,795
ID29,40990.42,118405.54,12,6.42,712
ID30,45624.59,69316.22,12,4.17,697
ID31,40974.4,92278.7,60,5.72,692
ID32,77784.17,49942.48,60,5.75,621
ID33,49797.54,111976.69,60,8.29,793
ID34,34134.34,119415.88,36,5.66,771
ID35,62338.17,85504.41,60,6.25,726
ID36,31687.35,147219.6,36,6.17,733
ID37,53132.95,63227.03,12,6.68,769
ID38,20604.95,56068.75,12,7.24,624
ID39,30077.21,106733.55,12,4.63,784
ID40,52952.92,131412.95,24,6.14,684
ID41,61077.0,150517.83,24,7.63,654
ID42,52570.52,86233.47,48,5.82,743
ID43,48265.28,132360.43,48,4.89,694
ID44,45483.44,98844.75,48,6.77,741
ID45,27822.17,94821.18,24,7.62,766
ID46,39202.34,126509.8,24,3.82,755
ID47,43090.42,119569.69,48,7.38,778
ID48,65856.83,52708.24,48,7.61,718
ID49,55154.27,144296.21,60,5.81,776
ID50,23554.4,141402.74,48,8.42,608
ID51,54861.26,81233.12,60,7.43,785
ID52,44223.77,111874.11,36,7.37,772
ID53,39846.17,114820.91,24,7.24,749
ID54,59175.14,107820.21,48,4.25,759
ID55,65464.99,83490.85,24,4.59,796
ID56,63969.2,79851.3,24,5.82,796
ID57,37411.74,99233.38,24,4.82,641
ID58,45361.81,135181.87,36,5.58,652
ID59,54968.95,116308.0,12,7.94,786
ID60,64633.18,88881.57,48,7.62,673
ID61,42812.39,123150.96,12,6.65,638
ID62,47215.12,14543.72,12,7.79,721
ID63,33404.98,134462.97,12,7.42,614
ID64,32056.9,47808.59,24,5.64,798
ID65,62187.89,89126.77,60,4.51,756
ID66,70343.6,66409.9,24,6.07,722
ID67,48919.85,61159.56,24,7.18,710
ID68,65052.99,134824.8,12,5.68,730
ID69,55424.54,85968.96,24,6.83,682
ID70,40323.2,110395.12,12,3.97,609
ID71,55420.93,98592.38,60,7.24,691
ID72,73070.55,114311.22,48,7.56,628
ID73,49462.61,102304.66,12,7.03,634
ID74,73469.65,61510.23,60,8.34,605
ID75,10703.82,129888.0,48,7.63,739
ID76,62328.54,85187.3,36,8.02,710
ID77,51305.71,53302.54,12,8.17,637
ID78,45514.89,87156.55,12,7.51,676
ID79,51376.41,145022.79,36,6.87,692
ID80,20186.47,125506.65,36,3.53,746
ID81,46704.92,89540.44,12,5.83,666
ID82,55356.69,89522.27,36,6.36,735
ID83,72168.41,90350.95,24,5.02,607
ID84,42225.95,162302.44,48,5.09,721
ID85,37872.6,111458.06,48,8.31,683
ID86,42473.64,112901.25,48,7.96,774
ID87,63731.03,130908.5,24,7.75,731
ID88,54931.27,107163.67,36,5.53,778
ID89,42053.6,92228.74,60,3.57,684
ID90,57699.01,94109.5,36,3.9,794
ID91,51456.16,97851.96,12,5.06,644
ID92,64529.67,98883.33,48,3.58,735
ID93,39469.2,121828.89,36,3.59,686
ID94,45085.07,101558.38,60,8.08,615
ID95,44118.38,121979.2,12,7.03,676
ID96,28047.28,97578.5,24,5.04,794
ID97,54441.8,102359.06,24,4.16,608
ID98,53915.83,40053.98,60,6.06,659
ID99,50076.7,127489.83,12,3.53,677
ID100,46481.19,110394.65,48,8.19,676
ID101,28769.44,129940.3,36,5.57,670
ID102,43690.32,13112.34,12,5.51,614
ID103,44859.28,162651.24,24,5.45,670
ID104,37965.84,95812.31,60,3.85,701
ID105,47580.71,133245.48,60,6.69,768
ID106,56060.76,68802.82,36,7.17,621
ID107,78292.79,118383.22,60,6.88,751
ID108,52618.67,68397.53,60,4.19,712
ID109,53863.26,81286.93,12,6.39,771
ID110,48883.31,157420.94,48,6.35,600
ID111,21218.43,94279.53,36,7.84,609
ID112,49602.29,106522.99,12,5.4,709
ID113,50903.45,126102.03,48,5.36,799
ID114,86948.63,114870.46,12,6.59,783
ID115,47114.59,104512.57,12,6.67,712
ID116,54523.21,110948.83,60,5.85,649
ID117,49479.32,172102.47,48,5.72,611
ID118,32469.83,98271.44,36,5.97,688
ID119,67142.34,106032.97,36,7.81,787
ID120,61279.0,131519.63,48,5.81,753
ID121,61865.48,133165.78,60,8.2,711
ID122,36359.19,135610.91,24,6.02,677
ID123,71041.91,119161.91,12,8.25,768
ID124,28972.23,65709.85,60,7.66,763
ID125,58802.86,149002.95,48,5.31,720
ID126,82856.83,65609.64,12,7.82,622
ID127,35141.96,109079.06,36,4.05,770
ID128,41505.53,77371.72,24,8.13,733
ID129,51494.77,98075.85,36,6.66,796
ID130,42447.87,109862.87,48,3.77,770
ID131,26740.05,109640.72,12,6.72,624
ID132,51028.44,112657.62,48,8.37,617
ID133,34065.44,148411.34,12,3.85,789
ID134,57103.89,113606.03,60,6.27,740
ID135,36208.64,92675.3,24,7.24,642
ID136,73249.02,128922.62,60,7.55,677
ID137,38251.2,135684.11,60,5.57,627
ID138,45169.08,63171.77,48,4.52,745
ID139,62202.76,117922.0,24,3.71,658
ID140,31537.04,121035.18,12,6.4,787
ID141,53411.9,91073.09,12,5.76,662
ID142,69607.14,141271.2,36,8.24,784
ID143,25887.75,95498.33,12,3.8,691
ID144,52769.51,103767.29,48,6.93,778
ID145,53898.24,94807.85,60,3.62,655
ID146,61727.34,100467.37,60,4.36,754
ID147,31445.74,67111.75,60,5.77,759
ID148,30193.15,56798.47,24,5.77,710
ID149,57829.12,147835.15,12,6.93,736
ID150,54454.77,74591.16,48,8.05,667
ID151,53757.39,70258.23,24,6.7,645
ID152,55196.72,35398.3,36,8.27,666
ID153,39799.63,80831.15,48,7.91,753
ID154,53483.81,60307.31,48,6.42,735
ID155,54396.09,149260.45,48,7.67,605
ID156,39284.73,130294.51,60,6.71,623
ID157,77986.62,79355.49,48,3.89,775
ID158,57107.49,167573.07,12,7.2,693
ID159,32130.45,129452.96,48,3.97,772
ID160,59848.3,90255.06,60,6.47,612
ID161,35379.77,25017.83,48,7.01,796
ID162,61806.27,168728.28,36,3.83,624
ID163,67378.93,58312.83,36,4.65,747
ID164,37689.77,50638.04,60,8.08,717
ID165,64450.64,130677.11,12,6.58,681
ID166,56191.71,173192.57,12,4.73,710
ID167,62330.9,141528.18,24,6.95,681
ID168,78451.89,116917.27,60,6.48,665
ID169,46319.18,117842.63,48,6.01,644
ID170,38693.96,125602.47,60,8.38,713
ID171,36657.28,122767.86,24,6.92,774
ID172,37762.85,108435.74,60,5.38,662
ID173,48843.47,103126.03,60,7.5,675
ID174,55117.28,98122.21,24,7.92,713
ID175,54150.36,77381.06,12,4.13,710
ID176,62407.75,91579.75,48,4.5,782
ID177,50195.03,49211.3,24,4.58,746
ID178,71803.01,97049.81,36,6.96,634
ID179,46030.15,70342.27,12,6.52,652
ID180,90802.54,66892.32,36,6.59,625
ID181,59385.01,105396.82,12,8.2,613
ID182,37142.64,141760.07,48,7.38,717
ID183,33936.61,127549.5,48,4.14,644
ID184,57237.09,52884.98,60,5.24,771
ID185,46648.06,70311.16,36,5.68,792
ID186,60710.01,128223.14,12,5.48,650
ID187,57098.56,70525.38,48,6.85,770
ID188,48907.57,93261.01,24,7.96,718
ID189,37298.09,116501.56,48,5.03,750
ID190,27277.29,70949.67,24,6.26,783
ID191,43302.28,103161.27,12,7.45,618
ID192,62845.98,59979.24,48,5.58,681
ID193,53211.41,81958.97,48,4.34,675
ID194,31313.92,109593.46,12,5.87,782
ID195,52597.71,52210.19,48,3.78,691
ID196,55779.76,113214.24,24,8.21,787
ID197,36742.14,99410.87,48,3.87,786
ID198,52305.88,116574.7,36,5.69,632
ID199,50873.13,106717.42,60,6.15,746
ID200,32855.45,140924.21,24,8.43,627
ID201,55366.81,103756.74,36,4.33,722
ID202,58411.77,87117.83,12,4.07,779
ID203,66245.77,103668.93,24,3.54,725
ID204,65807.03,116298.94,60,4.28,776
ID205,29334.96,101465.8,60,4.54,636
ID206,35932.62,101217.75,12,6.65,753
ID207,57725.53,78940.25,12,4.6,698
ID208,57706.79,80112.97,24,3.6,697
ID209,57725.72,57921.84,48,7.63,726
ID210,107790.97,152487.3,12,5.33,767
ID211,58563.36,62684.1,48,5.27,679
ID212,67033.48,79212.84,36,5.01,637
ID213,64310.03,78447.78,60,8.38,676
ID214,59770.87,126847.73,48,4.35,725
ID215,45270.96,91151.51,60,7.99,686
ID216,61384.54,137432.26,48,7.38,653
ID217,38407.62,79795.28,36,3.88,749
ID218,46447.72,108369.82,12,8.43,615
ID219,42719.55,74939.59,36,4.86,627
ID220,51228.11,164354.47,12,3.99,762
ID221,84719.88,64372.05,12,7.65,787
ID222,21991.02,109294.62,60,7.03,772
ID223,60293.9,119013.31,36,6.59,645
ID224,25809.26,112413.97,48,4.28,671
ID225,42921.02,94441.37,36,5.89,782
ID226,66334.26,96105.38,60,7.4,684
ID227,50964.2,101314.34,12,5.02,625
ID228,33833.83,95589.94,60,5.06,684
ID229,39270.44,128916.37,24,3.52,752
ID230,60193.97,166315.69,24,4.37,664
ID231,39044.5,83275.25,48,7.88,733
ID232,53246.88,58905.91,60,5.71,750
ID233,50683.58,97351.54,48,8.42,714
ID234,40225.99,177391.28,48,5.48,663
ID235,82159.16,75889.76,24,7.08,686
ID236,59508.79,149173.5,48,4.91,770
ID237,19622.86,150331.02,24,5.32,706
ID238,52796.81,83392.35,12,4.45,750
ID239,40073.2,117069.49,60,5.24,695
ID240,62786.5,148851.9,48,6.24,757
ID241,38112.19,88626.17,24,8.46,676
ID242,48278.95,93892.59,36,6.82,745
ID243,57574.81,82549.57,48,4.5,686
ID244,62986.33,69557.3,12,3.72,748
ID245,31995.55,80521.67,12,4.13,656
ID246,44982.48,63281.79,36,6.31,702
ID247,42875.82,101022.5,24,7.33,750
ID248,40200.06,76900.8,48,8.2,690
ID249,76481.81,107013.58,24,3.58,644
ID250,56074.73,53323.13,12,6.11,771
ID251,31086.74,109926.41,24,5.85,687
ID252,63767.93,125005.87,12,6.78,714
ID253,81832.34,40187.93,24,6.3,646
ID254,65486.98,111221.7,36,6.94,767
ID255,27209.45,136830.07,60,6.79,778
ID256,42736.49,63710.77,36,4.09,769
ID257,69003.67,150177.17,36,7.5,734
ID258,39384.96,112570.57,60,4.12,649
ID259,56657.29,78849.64,60,6.99,775
ID260,61619.51,98326.93,48,5.58,683
ID261,36096.04,116749.81,48,6.07,690
ID262,49107.12,102280.16,36,8.02,733
ID263,1380.99,116162.68,36,7.95,690
ID264,34634.19,72379.79,12,7.59,736
ID265,46211.48,105080.82,12,6.05,708
ID266,31283.25,57588.57,48,7.18,656
ID267,74486.17,96663.22,48,6.06,630
ID268,28547.88,72882.77,12,7.85,620
ID269,43399.33,77934.1,12,5.51,689
ID270,51961.11,137082.8,24,8.35,639
ID271,71619.1,132739.3,24,8.16,711
ID272,28462.07,118274.14,12,7.21,644
ID273,67447.46,67230.62,24,4.9,676
ID274,50153.5,90507.75,60,4.16,776
ID275,35277.37,136392.93,48,7.77,686
ID276,56931.55,104251.51,48,4.33,747
ID277,52985.9,169579.89,12,7.77,700
ID278,40996.75,111799.54,36,5.95,716
ID279,51047.03,105761.47,12,5.53,691
ID280,44220.3,90726.51,24,8.02,744
ID281,51702.76,104006.23,36,6.52,627
ID282,59931.96,95425.9,24,6.38,768
ID283,73790.25,121243.26,60,6.29,793
ID284,31432.77,128701.07,24,5.36,624
ID285,81995.5,76420.32,60,7.43,657
ID286,20718.68,60063.01,60,4.76,640
ID287,47723.22,44913.84,24,8.19,733
ID288,58824.76,115239.74,24,7.97,674
ID289,54214.88,66899.0,60,5.19,637
ID290,40659.51,35413.28,36,7.15,733
ID291,46878.17,111657.36,60,6.37,772
ID292,42604.99,174789.99,48,5.19,674
ID293,41159.53,99817.87,60,8.44,741
ID294,62744.03,125154.72,36,3.63,665
ID295,55355.23,102454.88,48,4.76,767
ID296,39606.36,97033.31,12,6.1,602
ID297,63494.0,127572.29,12,6.11,716
ID298,54609.49,91291.76,36,6.44,698
ID299,62192.93,108021.77,60,7.26,751
ID300,59444.43,109650.93,24,6.62,618
ID301,37565.07,79957.29,36,6.5,745
ID302,41597.28,129761.27,48,3.77,791
ID303,61209.4,94751.21,48,5.38,715
ID304,59155.55,77327.65,12,4.66,724
ID305,49686.48,116095.3,48,4.83,687
ID306,51759.91,73045.96,36,6.27,634
ID307,69164.97,100845.43,48,4.5,789
ID308,41126.43,99726.43,36,4.97,600
ID309,58206.46,132576.87,24,4.69,752
ID310,46967.11,114240.95,12,8.24,772
ID311,46734.78,99249.19,48,8.22,776
ID312,66481.65,124532.99,36,6.55,725
ID313,62381.25,141706.23,60,8.12,688
ID314,62202.64,116734.31,12,7.43,743
ID315,69582.18,100310.58,24,6.45,746
ID316,50315.06,60644.91,36,3.53,750
ID317,60229.29,68046.59,24,7.36,624
ID318,45346.0,90843.26,24,7.01,615
ID319,54862.5,81714.63,48,6.58,781
ID320,48047.85,94390.86,48,7.3,672
ID321,51454.94,101699.5,36,6.06,728
ID322,58927.36,115890.78,60,7.02,641
ID323,37726.69,97885.04,36,8.18,746
ID324,81385.81,114595.05,60,5.38,761
ID325,34909.74,101934.23,24,7.04,679
ID326,31787.17,40736.0,12,5.88,703
ID327,67371.66,71819.94,36,6.87,782
ID328,61874.94,95677.37,36,7.31,745
ID329,59361.8,63709.16,60,3.73,633
ID330,59425.18,117997.86,24,6.73,688
ID331,49816.3,145922.52,24,4.63,724
ID332,36541.18,136562.86,60,6.85,644
ID333,51137.07,93596.71,24,5.84,733
ID334,39842.57,144721.78,48,7.37,620
ID335,64626.8,104460.02,12,4.12,721
ID336,47794.14,89887.42,36,6.63,669
ID337,37617.54,81597.92,12,4.89,695
ID338,45179.21,90925.91,36,7.76,704
ID339,56193.97,88354.7,48,8.14,647
ID340,41544.13,105112.49,24,8.48,638
ID341,37666.69,104817.22,60,7.48,630
ID342,53655.31,100091.38,48,7.27,609
ID343,53674.5,113108.15,12,4.58,629
ID344,42395.85,135719.39,60,5.18,617
ID345,42934.43,128486.62,24,5.83,787
ID346,53480.75,55453.06,48,7.37,687
ID347,28278.73,23382.37,60,8.07,724
ID348,28888.04,128029.6,48,4.45,672
ID349,39223.34,58993.64,48,8.11,614
ID350,46798.29,93257.04,24,6.98,603
ID351,54663.61,64896.61,36,6.55,790
ID352,72130.34,45940.59,60,4.5,767
ID353,62864.89,116243.88,24,3.78,608
ID354,47600.92,122774.65,48,6.34,708
ID355,49714.76,82704.69,24,6.76,736
ID356,34962.06,22268.73,36,4.55,753
ID357,49722.3,83612.67,60,6.28,731
ID358,45670.12,111754.12,36,7.78,615
ID359,54840.78,55632.65,12,7.68,742
ID360,37591.54,105500.8,60,8.14,698
ID361,57790.2,99540.7,36,5.33,720
ID362,72991.08,117378.74,48,5.09,651
ID363,48368.6,103587.41,60,7.25,668
ID364,56025.68,70807.93,60,5.66,604
ID365,60352.16,135897.15,24,3.94,619
ID366,43981.69,95244.11,48,4.91,678
ID367,53361.39,99180.86,12,5.59,745
ID368,50188.89,72001.96,36,4.96,710
ID369,51465.14,86701.53,24,5.16,601
ID370,38404.85,73455.92,36,4.97,692
ID371,50367.65,94811.62,12,3.71,612
ID372,57469.97,151351.25,12,6.69,603
ID373,71767.15,58842.97,60,6.49,769
ID374,64389.06,51593.16,12,6.77,708
ID375,82297.74,144135.11,36,4.46,673
ID376,38489.79,93720.29,48,4.98,788
ID377,63084.81,79927.82,48,6.6,694
ID378,52750.13,131197.14,60,6.5,704
ID379,82847.04,81831.53,36,6.03,607
ID380,37875.53,154780.29,36,5.25,666
ID381,37404.17,120337.78,12,8.06,790
ID382,41009.11,85362.66,36,5.2,709
ID383,18141.56,164719.25,24,5.78,608
ID384,42113.67,81828.55,12,6.89,716
ID385,38613.01,122262.86,24,6.22,610
ID386,52255.91,108978.78,60,5.23,698
ID387,55126.34,139052.24,48,5.68,641
ID388,78142.56,146845.34,60,7.47,740
ID389,64256.36,100960.12,48,4.89,763
ID390,41346.45,77397.46,60,4.21,719
ID391,36523.78,113799.16,36,5.07,740
ID392,57378.79,79668.54,24,7.75,611
ID393,30196.5,160401.62,48,3.94,636
ID394,77471.88,104096.06,12,8.46,673
ID395,67691.6,89040.35,24,6.21,672
ID396,42962.37,105540.41,12,8.42,651
ID397,24302.98,59586.21,24,8.19,798
ID398,70308.09,70851.58,24,5.76,729
ID399,48281.9,136012.42,60,4.49,655
ID400,68567.24,80293.17,48,4.32,659
ID401,26083.59,68592.67,48,4.7,622
ID402,41009.37,116099.58,24,7.05,702
ID403,50078.66,135571.12,36,4.86,639
ID404,50704.71,121568.6,36,5.21,663
ID405,43249.02,129881.43,12,5.74,684
ID406,59342.75,77296.15,12,8.07,750
ID407,33985.69,57345.68,60,4.45,756
ID408,47864.31,145040.01,24,3.53,778
ID409,51804.43,90319.6,12,3.8,796
ID410,57716.58,92475.01,12,8.02,688
ID411,60674.22,139845.82,24,6.74,630
ID412,33130.37,116686.9,60,4.87,777
ID413,26988.29,113676.63,12,4.39,619
ID414,69165.15,164950.07,60,4.97,782
ID415,54984.71,80694.45,48,4.07,729
ID416,38772.7,127835.2,60,8.21,752
ID417,73267.28,101710.39,36,7.42,612
ID418,51735.12,108057.77,36,5.81,721
ID419,67689.46,145854.05,60,7.82,702
ID420,51012.78,115235.07,36,4.75,705
ID421,80911.22,116148.88,48,7.09,718
ID422,76330.11,132175.22,24,7.78,669
ID423,46265.54,89051.42,36,5.28,794
ID424,64573.56,74823.71,36,7.29,785
ID425,59680.64,68655.72,60,4.98,698
ID426,70529.47,41009.3,48,4.99,681
ID427,35526.15,161686.21,24,4.04,674
ID428,60290.77,66903.75,60,5.7,717
ID429,65876.37,93362.39,60,7.15,683
ID430,23618.91,91695.6,48,8.2,791
ID431,32251.12,109222.2,24,6.52,668
ID432,19411.52,124472.12,48,7.82,658
ID433,45958.9,125814.2,24,7.61,787
ID434,60763.13,82507.68,48,4.37,725
ID435,72535.36,94986.35,60,5.93,710
ID436,51111.42,108477.4,60,4.08,661
ID437,74429.23,92539.27,12,6.91,743
ID438,29298.48,148220.37,36,8.25,727
ID439,24449.26,114729.25,48,4.19,704
ID440,49166.78,122046.33,12,7.17,667
ID441,55760.98,119886.44,36,6.66,614
ID442,49509.58,135204.22,48,6.42,782
ID443,18988.37,105430.65,24,5.45,634
ID444,48663.2,61095.04,36,5.28,782
ID445,30432.96,111990.64,60,3.73,613
ID446,60045.09,80459.29,12,4.59,776
ID447,55498.97,84141.5,36,3.58,701
ID448,35901.8,117590.92,36,6.41,699
ID449,42292.0,137148.49,60,4.03,606
ID450,34111.8,100638.15,48,7.87,629
ID451,49059.81,109264.99,24,6.12,648
ID452,64327.13,151066.45,60,7.0,743
ID453,35214.11,107222.6,24,5.55,710
ID454,57560.7,178050.49,48,6.3,778
ID455,42046.14,116965.29,36,8.21,671
ID456,38106.91,47177.12,24,3.91,679
ID457,48394.54,122600.25,12,4.77,682
ID458,34471.37,111434.75,12,7.4,641
ID459,41695.26,138692.58,60,3.99,616
ID460,32031.83,120195.44,48,3.88,790
ID461,79470.88,95846.32,60,5.31,772
ID462,50528.95,63271.05,60,3.96,606
ID463,39504.12,93729.3,60,6.43,754
ID464,53209.7,74484.39,12,4.63,609
ID465,48315.08,82584.3,12,7.98,633
ID466,46685.46,117657.35,60,7.42,635
ID467,59212.5,150097.14,12,7.0,752
ID468,61362.62,111840.15,48,6.58,605
ID469,42042.48,64123.51,60,7.82,751
ID470,41362.73,113338.08,12,4.62,745
ID471,45874.22,135898.94,24,7.87,733
ID472,15471.18,81706.51,60,7.45,628
ID473,27272.13,95979.48,60,7.24,725
ID474,70503.11,100440.65,48,6.31,752
ID475,74674.52,76453.05,36,4.73,782
ID476,46264.46,119448.41,36,5.62,680
ID477,58648.35,96371.56,48,7.47,773
ID478,54668.75,112585.97,48,3.66,751
ID479,96183.21,73375.23,48,7.41,674
ID480,66793.62,86876.25,36,4.7,625
ID481,48081.24,121671.44,48,4.22,726
ID482,35666.89,88815.01,12,4.08,714
ID483,25903.31,151808.92,60,3.64,725
ID484,53051.95,88010.91,60,6.12,627
ID485,38654.74,106740.54,24,4.59,730
ID486,28666.19,127977.72,24,8.45,674
ID487,40301.41,57449.03,60,6.37,765
ID488,33776.78,47175.74,12,4.19,788
ID489,75307.12,54230.31,36,6.94,677
ID490,63224.6,137877.52,36,7.99,778
ID491,49880.41,83444.26,12,7.23,689
ID492,72199.16,176745.98,36,3.88,775
ID493,51160.52,83072.57,48,7.98,620
ID494,37080.74,105536.54,60,7.47,653
ID495,72846.86,146263.3,60,4.29,783
ID496,58083.65,160182.79,12,3.76,702
ID497,34441.31,161845.11,36,6.29,658
ID498,47144.92,136250.99,24,4.28,671
ID499,36865.73,130721.88,24,7.67,778
ID500,29258.0,117775.81,36,5.29,619
ID501,63892.66,123350.83,24,8.06,711
ID502,78641.25,83464.43,12,6.33,658
ID503,29021.49,75454.03,12,4.41,670
ID504,58444.54,99898.77,36,4.2,736
ID505,40240.36,94894.46,24,6.38,708
ID506,42693.12,86403.16,12,7.31,728
ID507,41114.09,120891.62,12,7.41,756
ID508,37040.14,128659.16,48,4.88,790
ID509,50727.82,102652.21,48,4.52,799
ID510,37535.75,144325.9,12,3.58,655
ID511,54056.85,65749.33,36,6.9,795
ID512,49246.43,94190.22,60,3.88,634
ID513,46415.78,78495.33,60,5.6,722
ID514,36386.55,44003.9,12,6.51,730
ID515,41348.43,97519.58,12,8.19,703
ID516,61330.87,96347.57,12,5.06,606
ID517,57513.76,145403.49,36,4.75,626
ID518,35336.67,118924.35,48,6.77,600
ID519,51489.98,69274.4,12,6.6,798
ID520,61270.81,155622.78,12,5.16,771
ID521,24958.92,136631.01,24,8.14,686
ID522,58150.4,117462.93,36,7.72,640
ID523,40060.64,93205.48,12,4.62,722
ID524,58558.98,71216.82,24,4.7,674
ID525,38551.11,88833.8,60,6.06,641
ID526,22926.77,132662.46,12,7.37,716
ID527,25586.86,156537.59,12,3.72,760
ID528,50721.27,146297.31,24,6.97,777
ID529,53895.84,85334.52,36,6.74,662
ID530,36435.25,66411.48,12,4.66,764
ID531,59578.89,104226.59,60,6.91,786
ID532,25077.2,46946.82,12,8.2,726
ID533,49008.8,109695.03,60,3.73,775
ID534,31834.76,95571.92,48,5.1,732
ID535,40222.46,86018.9,48,5.69,647
ID536,50710.98,52158.91,60,8.0,602
ID537,37093.8,115408.0,36,8.31,715
ID538,44231.67,84018.97,12,5.72,774
ID539,65094.39,64902.49,12,7.25,789
ID540,41346.62,13832.13,48,6.16,698
ID541,62535.38,99174.55,60,6.19,715
ID542,33054.4,153167.55,12,4.89,613
ID543,57947.06,149837.78,12,4.58,790
ID544,71623.53,86287.11,36,4.94,711
ID545,12925.33,81933.64,24,6.28,660
ID546,38046.57,114063.23,48,3.65,758
ID547,58656.08,70048.44,48,8.04,694
ID548,46954.32,109053.76,24,4.28,616
ID549,55567.19,122982.41,12,4.6,723
ID550,40940.22,136808.0,36,6.09,623
ID551,51298.85,96995.38,36,7.05,715
ID552,47664.84,93889.79,48,3.98,750
ID553,67516.73,73660.52,36,5.09,681
ID554,53816.31,75193.59,24,8.34,649
ID555,55064.04,93205.63,12,4.81,678
ID556,43821.85,111020.97,24,5.07,678
ID557,42685.91,127407.54,60,7.68,669
ID558,43511.63,75904.63,48,3.75,626
ID559,55916.78,144780.66,36,5.82,614
ID560,43685.23,91866.29,60,5.4,649
ID561,54346.62,99358.98,36,5.08,635
ID562,81131.01,77583.65,12,4.93,607
ID563,63066.87,27272.79,12,3.96,678
ID564,45109.65,126521.36,12,5.07,730
ID565,68018.21,122105.32,36,3.72,789
ID566,43878.87,91560.17,60,7.4,646
ID567,19428.13,102009.72,12,5.49,704
ID568,34878.71,115478.18,60,5.72,697
ID569,21938.12,53123.62,36,7.97,695
ID570,44727.3,84128.42,60,6.79,788
ID571,50276.28,123827.94,36,3.54,759
ID572,75146.56,62371.32,36,8.22,715
ID573,54903.91,108806.74,48,4.69,612
ID574,46713.49,59302.55,36,4.04,600
ID575,62441.08,113992.9,36,7.34,633
ID576,16832.97,98930.76,24,6.0,789
ID577,53534.22,51546.05,12,5.67,678
ID578,61562.98,134942.18,48,4.75,677
ID579,27821.21,77962.25,48,6.24,720
ID580,67156.31,75692.43,48,4.87,692
ID581,55077.45,106017.08,24,8.01,697
ID582,43770.68,134459.12,36,4.58,681
ID583,59491.73,69525.35,12,7.92,798
ID584,84060.39,101850.4,60,6.3,758
ID585,52727.99,112864.5,36,7.64,791
ID586,53723.31,120793.17,24,7.06,752
ID587,43109.59,105293.25,36,6.98,637
ID588,37252.33,88989.16,36,5.12,613
ID589,62455.04,75172.29,24,4.67,735
ID590,37158.74,102584.32,48,4.55,690
ID591,51073.49,67835.83,48,7.79,653
ID592,42835.14,12359.49,12,7.6,729
ID593,57184.7,113096.79,12,5.7,700
ID594,55004.93,127118.05,48,4.16,688
ID595,65563.1,29112.03,60,5.41,655
ID596,42349.75,69708.08,36,6.6,693
ID597,45951.88,118574.63,60,5.77,692
ID598,35318.54,161724.86,36,7.4,683
ID599,43335.6,100623.81,48,8.49,684
ID600,55659.51,78159.91,12,4.46,788
ID601,61354.83,94513.11,12,5.8,621
ID602,36167.52,141246.29,60,5.65,634
ID603,63044.09,80621.07,12,5.02,615
ID604,70334.57,76024.24,48,4.49,649
ID605,56201.52,85517.69,60,3.83,721
ID606,78151.94,71400.14,36,7.94,727
ID607,38393.16,103680.11,12,5.6,712
ID608,31330.18,148740.35,24,5.98,770
ID609,23319.2,109692.38,12,8.08,616
ID610,72440.66,92429.39,36,7.38,679
ID611,59815.48,91245.66,60,4.15,785
ID612,49166.23,53104.28,36,6.33,729
ID613,54199.53,126493.29,24,5.71,731
ID614,33117.66,97664.88,48,7.49,684
ID615,86686.28,94585.6,12,7.12,766
ID616,51938.32,195793.23,60,6.95,693
ID617,51640.92,108962.59,48,5.2,733
ID618,60886.5,77446.27,36,7.52,680
ID619,57215.14,87209.27,60,3.76,668
ID620,53358.26,134453.37,48,4.3,668
ID621,38142.88,103398.11,60,5.18,747
ID622,57072.03,56851.66,24,3.88,791
ID623,78230.37,127576.87,24,4.67,615
ID624,70181.3,79955.68,12,7.65,650
ID625,73897.8,156198.93,12,8.24,704
ID626,42331.76,132401.44,24,5.02,764
ID627,35155.93,86580.34,60,4.82,796
ID628,48113.2,138430.49,24,4.9,769
ID629,50835.87,102035.67,12,4.89,784
ID630,66412.87,125583.21,24,3.68,665
ID631,24613.03,114541.98,24,8.13,608
ID632,72943.25,74609.3,60,4.57,706
ID633,47629.88,80693.51,48,5.6,699
ID634,43596.78,130898.82,12,3.55,685
ID635,34818.43,89956.74,60,7.79,663
ID636,25177.15,87890.55,24,7.16,621
ID637,62347.56,71346.32,24,8.23,761
ID638,51099.77,112707.97,48,7.41,782
ID639,30650.59,161875.75,12,5.07,756
ID640,30573.82,67974.01,12,4.74,765
ID641,44963.23,100726.58,36,6.99,709
ID642,75035.32,142366.62,12,5.32,696
ID643,46106.13,97610.76,48,6.33,617
ID644,27452.86,113571.15,36,3.53,670
ID645,46313.85,68128.19,36,3.81,792
ID646,45909.15,112849.21,24,6.18,726
ID647,9546.7,94385.67,24,6.33,696
ID648,49185.58,129571.9,12,7.26,600
ID649,46535.98,135621.58,36,4.16,731
ID650,60443.1,177686.91,24,6.07,603
ID651,77734.34,117389.0,48,4.47,724
ID652,66898.48,109773.89,24,3.97,681
ID653,45966.67,105831.53,24,5.55,626
ID654,33402.11,89405.01,36,4.32,770
ID655,88600.4,110154.52,36,4.61,658
ID656,50888.28,91137.96,60,5.09,631
ID657,50208.94,105053.83,48,4.8,760
ID658,49638.12,139527.93,36,3.94,627
ID659,52971.27,69803.72,12,3.95,705
ID660,47834.59,134196.36,48,4.47,704
ID661,41395.07,139513.45,48,3.75,782
ID662,41797.12,96457.94,36,6.63,787
ID663,49508.7,36344.35,48,4.94,669
ID664,41848.63,81765.34,36,4.9,661
ID665,39307.31,138909.84,24,5.16,633
ID666,51596.45,99313.96,60,6.81,686
ID667,46175.34,70020.93,24,7.85,713
ID668,72559.89,84856.75,36,7.3,705
ID669,10235.45,125218.6,36,7.14,655
ID670,66372.6,116402.01,24,5.92,712
ID671,68691.28,92832.04,12,6.97,612
ID672,18899.15,88995.27,12,6.26,783
ID673,44859.69,88247.26,12,4.58,617
ID674,44428.39,72327.69,36,4.54,781
ID675,28887.32,148461.27,48,4.98,712
ID676,38332.75,90330.39,36,8.05,770
ID677,33341.36,136514.76,48,6.24,638
ID678,76284.06,145639.48,24,7.17,788
ID679,64035.18,129949.33,60,5.23,769
ID680,69073.33,87051.39,48,5.54,678
ID681,60825.08,112111.9,12,4.13,745
ID682,33064.22,99274.13,36,4.36,750
ID683,42132.2,72888.94,24,7.64,781
ID684,57340.62,109730.78,12,6.42,629
ID685,31668.08,64628.81,24,5.19,697
ID686,60694.98,135630.38,60,7.51,657
ID687,46395.12,86061.48,36,4.73,795
ID688,44377.69,106034.79,36,8.38,666
ID689,60664.4,108498.64,60,5.22,670
ID690,56663.95,92232.85,36,5.19,745
ID691,44585.51,117600.81,48,5.06,705
ID692,67389.95,85752.89,24,4.11,606
ID693,33784.05,126138.92,12,4.06,639
ID694,59239.03,59620.61,60,6.74,669
ID695,58896.52,103791.39,48,7.88,792
ID696,45356.8,158167.87,12,7.45,667
ID697,54892.0,69990.06,12,4.21,648
ID698,31233.3,79667.65,60,6.23,651
ID699,63860.41,115417.24,48,4.03,713
ID700,47226.47,105387.45,12,3.73,706
ID701,42159.15,110518.9,12,6.78,628
ID702,65735.14,114675.61,48,6.18,748
ID703,39434.84,119041.64,36,3.91,677
ID704,28873.08,133291.0,12,3.67,608
ID705,26650.56,112294.56,24,8.45,774
ID706,59090.15,92762.27,48,3.65,675
ID707,30793.56,120177.21,12,5.72,641
ID708,76321.91,156996.46,60,6.02,778
ID709,18771.06,96020.99,24,4.09,783
ID710,75446.85,70764.12,12,4.35,778
ID711,53165.26,133212.42,24,5.26,797
ID712,48549.3,96388.57,24,7.31,727
ID713,41826.21,34819.91,36,6.04,619
ID714,55987.04,125422.65,24,6.69,754
ID715,49435.48,83940.15,36,8.43,765
ID716,66549.53,97284.0,48,7.34,671
ID717,51713.41,109959.41,36,5.67,664
ID718,52254.53,105714.99,60,5.73,781
ID719,44545.82,121283.55,12,6.59,712
ID720,49145.82,86935.41,48,6.83,623
ID721,54617.03,115393.17,48,6.0,727
ID722,24347.47,92213.6,60,6.72,774
ID723,29777.22,122164.31,36,3.62,798
ID724,61148.96,118461.02,12,5.65,682
ID725,52562.98,71936.84,36,4.89,662
ID726,47240.25,132579.46,24,4.15,784
ID727,50276.51,83921.1,36,4.0,782
ID728,55213.73,124241.73,48,6.52,659
ID729,41903.6,111018.62,12,6.12,698
ID730,38325.43,155145.51,36,4.77,661
ID731,52937.68,93296.02,12,5.85,629
ID732,35324.41,89520.5,12,5.96,621
ID733,56123.79,99417.41,24,4.48,725
ID734,24461.25,90904.61,24,6.76,756
ID735,65437.33,123998.26,48,7.4,768
ID736,57088.96,51510.68,60,7.46,641
ID737,53840.45,68389.53,12,6.51,697
ID738,64740.36,67965.91,60,6.06,792
ID739,74982.12,128509.23,48,3.81,630
ID740,65215.55,151318.4,12,4.94,757
ID741,22386.89,96866.52,12,3.97,711
ID742,30806.35,94935.35,60,8.32,745
ID743,40627.72,102101.56,36,4.18,721
ID744,50391.37,134856.35,24,4.26,616
ID745,57764.89,72179.41,36,7.95,637
ID746,39113.84,107151.07,60,8.22,741
ID747,52801.5,129255.93,24,7.33,709
ID748,38669.26,115032.83,36,3.53,783
ID749,40827.23,105687.45,24,3.51,621
ID750,28900.08,130031.38,12,5.39,794
ID751,36151.5,18903.03,36,4.22,655
ID752,29724.73,120336.26,24,3.59,718
ID753,35361.9,80377.73,24,5.82,746
ID754,65804.63,45081.01,24,8.22,656
ID755,35759.02,115336.08,36,5.12,771
ID756,89485.73,141209.76,48,6.81,634
ID757,57399.77,95876.54,36,6.76,713
ID758,52772.54,128586.24,60,4.76,724
ID759,37124.63,148368.35,36,6.75,728
ID760,60504.65,139447.43,24,4.56,651
ID761,41365.43,149198.94,12,4.11,684
ID762,51830.15,122263.82,36,7.01,797
ID763,88401.27,102263.01,36,4.07,764
ID764,48559.1,51941.03,24,8.48,664
ID765,67239.1,92618.13,12,4.42,778
ID766,39452.35,74702.6,12,6.47,728
ID767,49475.17,165128.28,60,5.56,620
ID768,76562.01,94723.43,36,4.13,780
ID769,40595.49,103696.14,12,3.64,615
ID770,77186.73,116544.56,12,6.61,722
ID771,60616.28,101308.07,48,7.53,660
ID772,41563.0,150851.53,48,7.71,653
ID773,59486.12,81320.52,12,5.91,767
ID774,64588.32,105838.22,60,7.39,625
ID775,59327.15,77725.88,12,6.86,679
ID776,26446.63,60399.32,24,7.12,664
ID777,39092.94,81646.93,36,5.96,699
ID778,46287.22,98888.9,60,6.67,673
ID779,48883.5,87120.93,24,7.53,791
ID780,59310.08,79227.37,60,5.49,770
ID781,52665.52,57810.48,24,7.53,616
ID782,29969.83,97506.83,36,6.46,720
ID783,55702.97,54858.39,36,4.33,786
ID784,59158.79,122801.68,48,3.62,622
ID785,58396.86,102473.19,24,5.31,734
ID786,66211.71,56273.46,48,6.23,771
ID787,62508.83,90723.73,24,7.7,780
ID788,56887.7,77435.31,48,4.14,670
ID789,48947.51,109575.24,36,7.5,707
ID790,25085.59,140213.51,60,7.82,678
ID791,56444.27,43744.83,48,4.25,761
ID792,53115.32,103450.78,24,7.76,645
ID793,54073.68,95196.02,24,8.46,795
ID794,30848.77,120140.2,36,7.13,677
ID795,33784.15,106395.9,24,7.42,615
ID796,65797.29,77440.92,12,8.47,670
ID797,49406.67,90428.38,60,6.53,695
ID798,60222.51,76119.22,48,5.04,746
ID799,50424.78,132280.21,60,7.69,601
ID800,50446.34,100639.35,36,6.57,609
ID801,64074.26,157035.72,48,6.41,777
ID802,42259.33,98180.18,48,4.77,724
ID803,51441.81,78747.8,12,7.28,680
ID804,43065.87,54588.57,36,3.91,739
ID805,43482.56,45905.81,24,8.12,669
ID806,45362.42,52475.92,12,5.13,749
ID807,53332.01,108013.8,12,4.14,631
ID808,42818.77,115261.75,60,5.71,704
ID809,68836.34,52564.28,60,3.71,683
ID810,36580.89,126851.15,60,6.92,728
ID811,47196.93,85508.17,12,8.01,781
ID812,43404.03,104403.79,24,7.69,657
ID813,71704.67,148366.62,48,4.14,797
ID814,52948.32,126905.18,60,4.13,745
ID815,65477.67,91944.08,24,7.57,733
ID816,27716.59,73264.23,36,8.12,644
ID817,54005.75,35445.54,60,5.8,696
ID818,63344.46,78425.4,48,5.99,622
ID819,51234.26,93666.09,36,5.09,622
ID820,65982.21,70384.61,36,7.97,753
ID821,42240.67,96062.29,48,6.72,734
ID822,71140.21,102305.56,60,4.94,678
ID823,84483.47,93254.32,12,4.99,643
ID824,44557.42,80499.92,48,7.96,626
ID825,43317.46,105059.64,48,3.57,625
ID826,71800.77,113258.22,48,5.11,696
ID827,73693.58,67288.03,36,6.27,635
ID828,42157.1,142327.97,24,4.24,708
ID829,43697.2,97042.36,12,3.96,654
ID830,45773.23,100565.49,60,7.58,791
ID831,29833.24,121246.43,60,7.97,784
ID832,36220.22,106996.48,24,7.62,668
ID833,34937.89,128594.1,48,7.99,660
ID834,38483.04,108613.72,12,6.27,729
ID835,49479.73,81626.88,60,7.56,654
ID836,53513.22,110845.11,60,5.42,721
ID837,73257.51,65688.21,48,6.83,696
ID838,35024.69,103256.79,24,8.44,679
ID839,64764.84,99003.1,12,4.63,686
ID840,46790.17,93756.49,24,5.45,637
ID841,49258.04,96143.87,24,5.9,718
ID842,60122.29,43544.53,12,4.19,677
ID843,33159.17,83538.25,12,3.91,756
ID844,55736.15,102785.35,60,7.65,753
ID845,52496.78,104795.69,60,8.38,634
ID846,57386.77,69169.75,12,5.52,678
ID847,54337.53,137971.24,36,3.94,666
ID848,86829.5,74014.75,60,3.83,686
ID849,40433.9,129083.72,36,7.96,756
ID850,42035.05,112815.83,12,5.82,633
ID851,40652.89,80613.18,60,5.1,696
ID852,41667.84,153259.33,24,5.88,768
ID853,40439.19,64190.9,12,5.09,768
ID854,67835.25,127574.63,48,5.95,750
ID855,71307.56,130017.47,36,7.8,670
ID856,41438.81,79881.39,12,6.46,602
ID857,37514.67,141773.96,12,6.97,657
ID858,57071.23,92498.6,60,5.32,631
ID859,41716.65,108660.81,60,7.19,630
ID860,59493.98,107809.66,60,6.83,681
ID861,53043.85,95970.74,48,4.1,642
ID862,27263.84,124324.25,60,6.36,734
ID863,73212.58,123804.66,12,4.78,704
ID864,76938.17,47544.04,60,7.52,600
ID865,40808.17,139130.21,24,5.63,660
ID866,44184.48,50125.24,60,8.47,613
ID867,54287.98,130976.39,48,3.96,779
ID868,55016.85,133801.15,24,7.4,605
ID869,59878.16,67271.01,12,6.87,702
ID870,80153.07,87675.57,12,7.34,609
ID871,47345.79,66828.86,36,5.04,670
ID872,38025.54,93552.37,24,5.96,689
ID873,29310.21,90758.97,36,7.48,757
ID874,39036.05,123389.82,24,4.66,748
ID875,49503.1,139309.26,24,4.63,725
ID876,76918.37,141870.51,48,6.26,787
ID877,42235.83,83134.96,36,6.12,696
ID878,53356.82,93723.34,48,4.91,673
ID879,49753.66,49496.85,24,4.99,714
ID880,67825.9,75823.9,12,4.89,790
ID881,87903.99,128945.55,24,7.36,769
ID882,42036.97,148467.48,48,6.76,650
ID883,42658.41,62969.53,36,7.66,791
ID884,65662.41,82226.07,36,8.38,655
ID885,60228.37,99207.83,48,5.87,640
ID886,77700.61,108404.83,36,3.83,631
ID887,58758.92,75711.89,60,3.74,614
ID888,44610.62,112721.83,12,4.98,661
ID889,58859.82,85784.82,12,8.16,754
ID890,66630.55,99566.43,12,6.12,627
ID891,62307.23,116388.53,36,4.86,663
ID892,57609.11,100192.67,36,5.5,786
ID893,66000.12,86908.42,24,6.49,785
ID894,67539.43,96711.71,24,6.76,729
ID895,70732.38,97349.11,12,4.27,726
ID896,59730.65,88899.67,60,8.39,635
ID897,47493.23,92236.12,24,6.22,713
ID898,52200.71,147959.42,24,4.18,798
ID899,68097.63,116827.58,36,7.97,612
ID900,37745.96,91135.59,60,3.87,614
ID901,55530.1,120908.63,12,8.04,688
ID902,44099.92,89985.42,24,8.48,787
ID903,50431.17,135193.74,60,7.0,621
ID904,69176.78,111089.27,60,7.35,790
ID905,52866.49,96780.94,12,5.19,673
ID906,50696.55,113431.51,60,8.21,624
ID907,29602.16,52873.72,60,6.15,700
ID908,61193.8,66196.98,60,7.16,775
ID909,59682.26,64182.25,24,8.12,770
ID910,82448.82,104288.29,12,8.38,716
ID911,45383.33,151975.45,60,7.67,765
ID912,53287.25,166939.0,60,5.02,640
ID913,53740.76,119141.53,24,8.33,772
ID914,73661.8,115025.33,12,6.64,687
ID915,48570.57,45968.27,36,8.15,767
ID916,54185.32,83719.79,24,6.88,709
ID917,59118.45,76366.49,12,5.04,719
ID918,52799.14,81374.57,60,5.35,696
ID919,43303.5,94955.69,12,6.25,744
ID920,52911.35,85837.28,12,7.45,656
ID921,66104.48,40621.01,12,5.09,729
ID922,34602.27,122437.31,36,6.4,695
ID923,51994.55,67817.71,12,5.23,720
ID924,39498.19,107177.41,36,7.58,661
ID925,67925.7,162222.48,60,5.83,736
ID926,27152.2,72418.46,36,3.88,667
ID927,41616.17,24091.37,60,4.33,680
ID928,55658.18,91419.87,60,3.81,616
ID929,73482.86,133028.79,36,6.0,716
ID930,49013.75,158750.42,24,4.03,649
ID931,41672.01,63113.51,48,4.07,711
ID932,78217.36,114900.98,12,8.21,693
ID933,28279.79,86040.69,48,7.86,767
ID934,17017.91,96821.55,12,5.76,785
ID935,56600.22,179330.3,12,8.43,684
ID936,42469.19,54910.89,60,3.5,748
ID937,34681.51,107612.19,12,6.57,745
ID938,60625.35,114030.8,12,6.58,782
ID939,53657.01,132573.59,36,5.79,756
ID940,41538.82,102939.49,48,5.48,751
ID941,30795.43,109241.52,36,5.78,673
ID942,63086.86,88250.54,12,5.57,708
ID943,59753.02,108073.81,60,7.15,744
ID944,48512.36,89704.23,36,4.18,617
ID945,77699.55,118647.16,36,4.49,641
ID946,33948.73,88911.69,24,4.4,700
ID947,27117.12,111313.01,12,4.81,644
ID948,39621.38,99122.12,60,6.13,681
ID949,49316.21,133781.51,36,4.06,616
ID950,53650.09,98458.19,36,7.84,672
ID951,46381.46,46809.03,60,4.99,613
ID952,55280.83,137857.65,12,4.31,776
ID953,31226.91,72828.03,24,6.88,756
ID954,71656.47,80387.01,36,3.69,731
ID955,48767.73,82130.16,24,6.6,681
ID956,66759.44,141233.14,48,6.99,747
ID957,55140.88,35929.77,12,4.57,719
ID958,56851.3,194132.46,48,3.71,719
ID959,58546.51,131681.7,48,5.32,646
ID960,56715.63,106697.17,48,3.99,706
ID961,59640.84,98353.18,12,4.08,707
ID962,69937.29,108566.62,12,4.77,608
ID963,52947.82,115633.67,60,4.98,678
ID964,60635.06,119356.47,24,6.15,754
ID965,48653.96,116668.13,24,6.89,614
ID966,71601.76,102687.42,60,6.46,618
ID967,39854.12,94079.85,60,4.24,689
ID968,77014.11,95461.8,48,4.36,779
ID969,49397.63,94152.75,60,7.89,625
ID970,28538.37,134013.1,36,6.29,753
ID971,51921.57,117806.7,24,7.85,753
ID972,39784.23,11788.34,60,5.36,773
ID973,62609.65,119677.02,36,6.57,691
ID974,40210.64,105842.09,36,6.12,776
ID975,43307.25,99438.74,36,5.1,681
ID976,21656.89,88344.45,36,5.85,780
ID977,43215.41,133723.38,48,6.01,730
ID978,13641.81,128425.79,36,4.5,793
ID979,26241.46,76813.67,48,5.08,641
ID980,61406.22,112211.57,48,7.46,618
ID981,61787.0,70850.3,36,8.08,616
ID982,56381.86,58611.46,24,5.3,760
ID983,35495.36,81198.48,36,5.03,675
ID984,49284.33,125871.8,36,4.48,776
ID985,49945.96,128593.75,36,6.89,783
ID986,32624.53,115392.56,24,5.12,662
ID987,72550.97,121752.87,12,8.44,730
ID988,63160.43,115485.35,12,5.13,706
ID989,46685.54,80755.55,48,5.47,648
ID990,50403.29,112957.68,48,6.52,654
ID991,53125.74,124012.29,24,7.51,753
ID992,19373.98,122628.74,60,5.85,698
ID993,46292.34,135667.4,12,5.61,799
ID994,39770.24,121249.12,48,8.48,651
ID995,34975.7,110543.45,12,3.55,699
ID996,45783.5,132104.51,24,7.98,716
ID997,76965.3,99204.36,24,4.25,717
ID998,59612.64,73543.76,60,7.43,606
ID999,41432.32,95107.99,60,6.59,645
ID1000,58588.74,77652.92,24,5.21,645
